-- phpMyAdmin SQL Dump
-- version 5.0.3
-- https://www.phpmyadmin.net/
--
-- Host: 127.0.0.1
-- Waktu pembuatan: 06 Agu 2021 pada 06.59
-- Versi server: 10.4.14-MariaDB
-- Versi PHP: 7.2.34

SET SQL_MODE = "NO_AUTO_VALUE_ON_ZERO";
START TRANSACTION;
SET time_zone = "+00:00";


/*!40101 SET @OLD_CHARACTER_SET_CLIENT=@@CHARACTER_SET_CLIENT */;
/*!40101 SET @OLD_CHARACTER_SET_RESULTS=@@CHARACTER_SET_RESULTS */;
/*!40101 SET @OLD_COLLATION_CONNECTION=@@COLLATION_CONNECTION */;
/*!40101 SET NAMES utf8mb4 */;

--
-- Database: `simbpp`
--

-- --------------------------------------------------------

--
-- Struktur dari tabel `data`
--

CREATE TABLE `data` (
  `nis` varchar(15) NOT NULL,
  `nama` varchar(255) NOT NULL,
  `kelas` varchar(30) NOT NULL,
  `jenjang` varchar(255) NOT NULL,
  `status` varchar(20) NOT NULL,
  `keterangan` varchar(255) NOT NULL
) ENGINE=InnoDB DEFAULT CHARSET=utf8mb4;

--
-- Dumping data untuk tabel `data`
--

INSERT INTO `data` (`nis`, `nama`, `kelas`, `jenjang`, `status`, `keterangan`) VALUES
('10163001', 'Aira Sabilla', 'VI', 'SD', 'BELUM LUNAS', 'JULI 2021'),
('10163002', 'Akhdan Ziyad', 'VI', 'SD', 'BELUM LUNAS', 'AGUSTUS 2021'),
('10163003', 'ALFIA FARADISA', 'VI', 'SD', 'BELUM LUNAS', 'SEPTEMBER 2021'),
('10163004', 'ALYA DIAN SHATARA', 'VI', 'SD', 'BELUM LUNAS', 'JULI 2021'),
('10163005', 'AMIRA NAILA SYAKIRA', 'VI', 'SD', 'BELUM LUNAS', 'JULI 2021'),
('10163006', 'Arifa Fitra', 'VI', 'SD', 'BELUM LUNAS', 'JULI 2021'),
('10163007', 'AURA LATISYA AQUINA', 'VI', 'SD', 'BELUM LUNAS', 'JULI 2021'),
('10163008', 'CUT HAURA KHALISHAH', 'VI', 'SD', 'BELUM LUNAS', 'JULI 2021'),
('10163009', 'CUT IMA SHABIRA FARHANI', 'VI', 'SD', 'BELUM LUNAS', 'JULI 2021'),
('10163010', 'ERIC JARVIS', 'VI', 'SD', 'BELUM LUNAS', 'JULI 2021'),
('10163011', 'FAIRUZ KHALISAH', 'VI', 'SD', 'BELUM LUNAS', 'JULI 2021'),
('10163013', 'FITRIYATI', 'VI', 'SD', 'BELUM LUNAS', ' AGUSTUS'),
('10163014', 'Gheena Ameera', 'VI', 'SD', 'BELUM LUNAS', 'JULI 2021'),
('10163016', 'HABIBURRISYAD', 'VI', 'SD', 'BELUM LUNAS', 'JULI 2021'),
('10163017', 'HAFIZ RIFIANSYAH', 'VI', 'SD', 'BELUM LUNAS', 'SEPTEMBER'),
('10163019', 'HIZRI USWA', 'VI', 'SD', 'BELUM LUNAS', 'JULI 2021'),
('10163020', 'Humaira Aditya', 'VI', 'SD', 'BELUM LUNAS', 'JULI 2021'),
('10163022', 'Izza kamila', 'VI', 'SD', 'BELUM LUNAS', 'JULI 2021'),
('10163023', 'Kayla Anisa Faiha', 'VI', 'SD', 'BELUM LUNAS', 'JULI 2021'),
('10163024', 'Kayyisah Lathifah Ginting', 'VI', 'SD', 'BELUM LUNAS', 'SEPTEMBER'),
('10163025', 'Khansa Aurelia', 'VI', 'SD', 'BELUM LUNAS', 'JULI 2021'),
('10163026', 'Khansa Lathifa', 'VI', 'SD', 'BELUM LUNAS', 'JULI 2021'),
('10163027', 'Leonardo Tandia', 'VI', 'SD', 'LUNAS', 'SUDAH LUNAS S/D DES 2021'),
('10163028', 'Loetito Nanggroe', 'VI', 'SD', 'BELUM LUNAS', 'JULI 2021'),
('10163029', 'M. Akyas Al Muharriri', 'VI', 'SD', 'BELUM LUNAS', 'JULI 2021'),
('10163031', 'M. Nazhif Alghazi', 'VI', 'SD', 'BELUM LUNAS', 'JULI 2021'),
('10163032', 'M. Rachel AL Habsy', 'VI', 'SD', 'BELUM LUNAS', 'JULI 2021'),
('10163035', 'Muhammad Rizki Asfia', 'VI', 'SD', 'BELUM LUNAS', 'JULI 2021'),
('10163036', 'Muhammad Rizky Alvatta', 'VI', 'SD', 'BELUM LUNAS', 'JULI 2021'),
('10163037', 'Muhammad Syauki Al-Ghifari', 'VI', 'SD', 'BELUM LUNAS', 'JULI 2021'),
('10163039', 'Muhammad Wildan Hafiz', 'VI', 'SD', 'BELUM LUNAS', 'JULI 2021'),
('10163040', 'Muhammad Zahriyal', 'VI', 'SD', 'BELUM LUNAS', 'AGUSTUS'),
('10163041', 'Muhammad Zhafran Azra', 'VI', 'SD', 'BELUM LUNAS', 'SEPTEMBER 2021'),
('10163042', 'Naylatul Salwa', 'VI', 'SD', 'BELUM LUNAS', 'JULI 2021'),
('10163043', 'Naysyila Syahirah', 'VI', 'SD', 'BELUM LUNAS', 'JULI 2021'),
('10163044', 'Qafka Shafiqa Mulya', 'VI', 'SD', 'BELUM LUNAS', 'JULI 2021'),
('10163045', 'Rafa Anggara', 'VI', 'SD', 'BELUM LUNAS', 'JULI 2021'),
('10163046', 'Resya Zaidan Fayyadh', 'VI', 'SD', 'BELUM LUNAS', 'AGUSTUS'),
('10163047', 'Safra Ulya Hasya', 'VI', 'SD', 'BELUM LUNAS', 'JULI 2021'),
('10163048', 'Saif Azizi Srinanda', 'VI', 'SD', 'BELUM LUNAS', 'JULI 2021'),
('10163049', 'Saskya Dwi Anggreini', 'VI', 'SD', 'BELUM LUNAS', 'JULI 2021'),
('10163050', 'Syafiq Shandiatha Fawwaz', 'VI', 'SD', 'BELUM LUNAS', 'JULI 2021'),
('10163051', 'Syakira Hasna', 'VI', 'SD', 'BELUM LUNAS', 'JULI 2021'),
('10163052', 'Syifa Humairah', 'VI', 'SD', 'BELUM LUNAS', 'JULI 2021'),
('10163053', 'Teuku Ahmad Nasywan', 'VI', 'SD', 'BELUM LUNAS', 'JULI 2021'),
('10163054', 'Tiara Larisa Putri', 'VI', 'SD', 'BELUM LUNAS', 'JULI 2021'),
('10163055', 'Yusuf Muharram', 'VI', 'SD', 'BELUM LUNAS', 'JULI 2021'),
('10163056', 'Zahira Zawiya Putri Zalia', 'VI', 'SD', 'BELUM LUNAS', 'JULI 2021'),
('10173003', 'AQEELA NAWAL FATHINA', 'V', 'SD', 'BELUM LUNAS', 'JULI 2021'),
('10173004', 'AQNATUNNISWAH', 'V', 'SD', 'BELUM LUNAS', 'JULI 2021'),
('10173005', 'AZKA AL FATA', 'V', 'SD', 'BELUM LUNAS', 'SEPTEMBER 2021'),
('10173006', 'ATAYA EL RAFIF', 'V', 'SD', 'BELUM LUNAS', 'JULI 2021'),
('10173007', 'AURA SYAKILA', 'V', 'SD', 'BELUM LUNAS', 'JULI 2021'),
('10173008', 'AQIL AZIZI', 'V', 'SD', 'BELUM LUNAS', 'JULI 2021'),
('10173009', 'CARRICK CLASSICO', 'V', 'SD', 'BELUM LUNAS', 'JULI 2021'),
('10173010', 'DINAYRA PUTRI', 'V', 'SD', 'BELUM LUNAS', 'JULI 2021'),
('10173011', 'DINASTI ARADHANA NASUTION', 'V', 'SD', 'BELUM LUNAS', 'JULI 2021'),
('10173012', 'FARISYA KAMILA', 'V', 'SD', 'BELUM LUNAS', 'AGUSTUS'),
('10173013', 'FIRANNAZWAN WAHAB', 'V', 'SD', 'BELUM LUNAS', 'JULI 2021'),
('10173014', 'FATHUR RAHMAN', 'V', 'SD', 'BELUM LUNAS', 'AGUSTUS'),
('10173015', 'FATIH MURADI RUZIQ', 'V', 'SD', 'BELUM LUNAS', 'JULI 2021'),
('10173016', 'FIRYAL NABILA', 'V', 'SD', 'BELUM LUNAS', 'MEI 2021 - JULI 2021'),
('10173017', 'GWYNETHA MEYVANIA LISA', 'V', 'SD', 'BELUM LUNAS', 'JULI 2021'),
('10173018', 'HAZIQ AKRAM', 'V', 'SD', 'BELUM LUNAS', 'JULI 2021'),
('10173020', 'KAISAL KIRAM', 'V', 'SD', 'BELUM LUNAS', 'JULI 2021'),
('10173022', 'KAHFI WAHYU PRATAMA', 'V', 'SD', 'BELUM LUNAS', 'JULI 2021'),
('10173023', 'KHANSA LUTHFYA INDAH', 'V', 'SD', 'BELUM LUNAS', 'JULI 2021'),
('10173024', 'KEVIN PRATAMA', 'V', 'SD', 'BELUM LUNAS', 'AGUSTUS'),
('10173025', 'MUHAMMAD LUTHFI', 'V', 'SD', 'BELUM LUNAS', 'JULI 2021'),
('10173026', 'MUHAMMAD HANIF', 'V', 'SD', 'BELUM LUNAS', 'JULI 2021'),
('10173027', 'MUHAMMAD ZAIDAN AZRA', 'V', 'SD', 'BELUM LUNAS', 'SEPTEMBER 2021'),
('10173028', 'M KHALILUL MUSYFIQ', 'V', 'SD', 'BELUM LUNAS', 'SEPTEMBER 2021'),
('10173029', 'M. GHAISAN AL-AZZAM', 'V', 'SD', 'BELUM LUNAS', 'JULI 2021'),
('10173031', 'MUHAMMAD AQIL SYAUQI', 'V', 'SD', 'BELUM LUNAS', 'AGUSTUS'),
('10173032', 'T. MUHAMMAD JIBRIL', 'V', 'SD', 'BELUM LUNAS', 'JULI 2021'),
('10173033', 'MUHAMMAD FUDAIL', 'V', 'SD', 'BELUM LUNAS', 'AGUSTUS'),
('10173034', 'MUHAMMAD HARIS AUFA', 'V', 'SD', 'BELUM LUNAS', 'JULI 2021'),
('10173035', 'MUHAMMAD AL GHIFARI', 'V', 'SD', 'BELUM LUNAS', 'JULI 2021'),
('10173036', 'MUHAMMAD FAIDZUL IZZI', 'V', 'SD', 'LUNAS', ''),
('10173038', 'MUHAMMAD AQILSUJA', 'V', 'SD', 'BELUM LUNAS', 'JULI 2021'),
('10173039', 'MIFZAL GUSTAV AZMI', 'V', 'SD', 'BELUM LUNAS', 'JULI 2021'),
('10173040', 'NAJWA NABILA', 'V', 'SD', 'BELUM LUNAS', 'JULI 2021'),
('10173041', 'NAILA RAMADHANI', 'V', 'SD', 'LUNAS', ''),
('10173042', 'RAIZA FATIH ALNAZWAR', 'V', 'SD', 'BELUM LUNAS', 'AGUSTUS'),
('10173043', 'RAVI QUNNAS', 'V', 'SD', 'LUNAS', ''),
('10173044', 'REYAN EL FACHRI', 'V', 'SD', 'BELUM LUNAS', 'JULI 2021'),
('10173045', 'RIFQA HUMAIRA', 'V', 'SD', 'BELUM LUNAS', 'SEPTEMBER 2021'),
('10173046', 'RAIHAN ULFA', 'V', 'SD', 'BELUM LUNAS', 'AGUSTUS'),
('10173048', 'SAIF AL AZIZI', 'V', 'SD', 'LUNAS', ''),
('10173049', 'SAID NADHIF RIZA', 'V', 'SD', 'BELUM LUNAS', 'SEPTEMBER'),
('10173050', 'SHAVIQ RIZKY ADITYA', 'V', 'SD', 'BELUM LUNAS', 'JULI 2021'),
('10173051', 'SULTHAN PARISYA AL-KATIRY', 'V', 'SD', 'BELUM LUNAS', 'JULI 2021'),
('10173052', 'SUQIA RAHMAH', 'V', 'SD', 'BELUM LUNAS', 'JULI 2021'),
('10173053', 'TSAQIF AL-WAFI', 'V', 'SD', 'BELUM LUNAS', 'JULI 2021'),
('10173054', 'ULFA KHAIRA FITRI', 'V', 'SD', 'BELUM LUNAS', 'JULI 2021'),
('10173055', 'VANESA LIVIANA VENI', 'V', 'SD', 'BELUM LUNAS', 'AGUSTUS'),
('10173056', 'YASMIN ATHAMIMI', 'V', 'SD', 'BELUM LUNAS', 'JULI 2021'),
('10173057', 'YAZID AL - BUSTAMI', 'V', 'SD', 'BELUM LUNAS', 'JULI 2021'),
('10173059', 'BRYANT CLERESTA UTAMA', 'VI', 'SD', 'BELUM LUNAS', 'JULI 2021'),
('10173060', 'MUHAMMAD KHALIL', 'VI', 'SD', 'LUNAS', ''),
('10173061', 'ZAYYAN AYYASY KELANA', 'VI', 'SD', 'BELUM LUNAS', 'JULI 2021'),
('10183002', 'MUHAMMAD FATHIN ARFA', 'V', 'SD', 'BELUM LUNAS', 'AGUSTUS'),
('10183004', 'BALWA TAJUSA', 'V', 'SD', 'BELUM LUNAS', 'SEPTEMBER'),
('10183006', 'AMIRA NURUL FAZLIA', 'IV', 'SD', 'BELUM LUNAS', 'JULI 2021'),
('10183007', 'MUHAMMAD ASYRAF RAHFAN', 'IV', 'SD', 'BELUM LUNAS', 'SEPTEMBER 2021'),
('10183009', 'MUBARAK ASKAFIA', 'IV', 'SD', 'BELUM LUNAS', 'AGUSTUS'),
('10183010', 'YUSUF AL QARDHAWI', 'IV', 'SD', 'BELUM LUNAS', 'JULI 2021'),
('10183011', 'JOLIN KOEMARDI', 'IV', 'SD', 'BELUM LUNAS', 'SEPTEMBER'),
('10183013', 'ZINOYA HILMIRA', 'IV', 'SD', 'BELUM LUNAS', 'JULI 2021'),
('10183014', 'ZIFANA NAIRA LATISYA', 'IV', 'SD', 'BELUM LUNAS', 'JULI 2021'),
('10183015', 'NADA NADHIFA', 'IV', 'SD', 'BELUM LUNAS', 'JULI 2021'),
('10183016', 'MUHAMMAD DWI NOVIAN', 'IV', 'SD', 'BELUM LUNAS', 'JULI 2021'),
('10183017', 'AERILYN BELLVANIA', 'IV', 'SD', 'BELUM LUNAS', 'SEPTEMBER 2021'),
('10183018', 'ZULFIKRI', 'IV', 'SD', 'BELUM LUNAS', 'JULI 2021'),
('10183019', 'BENAZIR ZAHIRAH TAUFIQ', 'IV', 'SD', 'BELUM LUNAS', 'AGUSTUS'),
('10183020', 'ADAM FAIZ', 'IV', 'SD', 'BELUM LUNAS', 'JULI 2021'),
('10183021', 'MUHAMMAD ADIL', 'IV', 'SD', 'BELUM LUNAS', 'JULI 2021'),
('10183022', 'MUHAMMAD RIFAI', 'IV', 'SD', 'BELUM LUNAS', 'JULI 2021'),
('10183023', 'MUHAMMAD RAZAN', 'IV', 'SD', 'BELUM LUNAS', 'AGUSTUS 2021'),
('10183024', 'RAFA KHAIRI ARKAN', 'IV', 'SD', 'BELUM LUNAS', 'JULI 2021'),
('10183025', 'JASMINE NAURATUL FANNY', 'IV', 'SD', 'BELUM LUNAS', 'SEPTEMBER'),
('10183027', 'FARIZ ASYRAF', 'IV', 'SD', 'BELUM LUNAS', 'JULI 2021'),
('10183028', 'PRAGATA ZHAFIF MAHAWIRA', 'IV', 'SD', 'BELUM LUNAS', 'SEPTEMBER'),
('10183029', 'IZA NAZIRA', 'IV', 'SD', 'BELUM LUNAS', 'JULI 2021'),
('10183030', 'DESTINY CINTA RIZVIE', 'IV', 'SD', 'BELUM LUNAS', 'SEPTEMBER'),
('10183031', 'SHAQUILLE ARSYADIWA FAWWAZ', 'IV', 'SD', 'BELUM LUNAS', 'JULI 2021'),
('10183033', 'MIFZAL HAFIZ', 'IV', 'SD', 'BELUM LUNAS', 'AGUSTUS'),
('10183034', 'AIDILA NATASYA', 'IV', 'SD', 'BELUM LUNAS', 'SEPTEMBER 2021'),
('10183035', 'MUHAMMAD ALIF IZAZ', 'IV', 'SD', 'BELUM LUNAS', 'SEPTEMBER'),
('10183036', 'WARDATUL ULAA', 'IV', 'SD', 'BELUM LUNAS', 'AGUSTUS'),
('10183037', 'MUNAYA KAMILA', 'IV', 'SD', 'BELUM LUNAS', 'SEPTEMBER'),
('10183039', 'HAFIDH AL KIRAM', 'IV', 'SD', 'BELUM LUNAS', 'SEPTEMBER 2021'),
('10183040', 'ZIAD MUBARRAK', 'IV', 'SD', 'BELUM LUNAS', 'JULI 2021'),
('10183041', 'CUT ADILA FARADINA', 'IV', 'SD', 'BELUM LUNAS', 'JULI 2021'),
('10183042', 'ABBAS RAFIUDDIN', 'IV', 'SD', 'BELUM LUNAS', 'AGUSTUS'),
('10183043', 'MUHAMMAD FARIS MAULANA', 'IV', 'SD', 'BELUM LUNAS', 'AGUSTUS 2021'),
('10183044', 'FARHANATUL HAFIDHAH', 'IV', 'SD', 'BELUM LUNAS', 'JULI 2021'),
('10183045', 'MUHAMMAD ZAFRIN AL GHIFARI', 'IV', 'SD', 'BELUM LUNAS', 'JULI 2021'),
('10183046', 'IZZAH BADRINA HASRA', 'IV', 'SD', 'BELUM LUNAS', 'JULI 2021'),
('10183047', 'FATHIR SYAWALUL RIZAL', 'IV', 'SD', 'BELUM LUNAS', 'SEPTEMBER'),
('10183048', 'RAISA ZHAFIRA', 'IV', 'SD', 'BELUM LUNAS', 'JULI 2021'),
('10183049', 'INAYYAH FAUZIA HABIBIE', 'IV', 'SD', 'BELUM LUNAS', 'AGUSTUS'),
('10183050', 'KEYSHA ATHA HUMAIRA', 'IV', 'SD', 'BELUM LUNAS', 'AGUSTUS'),
('10183052', 'MUHAMMAD AUFA', 'IV', 'SD', 'BELUM LUNAS', 'JULI 2021'),
('10183053', 'AUREN LEODRA UTAMA', 'IV', 'SD', 'BELUM LUNAS', 'JULI 2021'),
('10183054', 'CHE THARA ALAMANDA', 'IV', 'SD', 'BELUM LUNAS', 'JULI 2021'),
('10183055', 'SAIF ASHRAF', 'IV', 'SD', 'BELUM LUNAS', 'JULI 2021'),
('10183056', 'GHINAA AQIILAH', 'IV', 'SD', 'BELUM LUNAS', 'SEPTEMBER'),
('10183057', 'NADHA FILZAH DAYAHNA', 'IV', 'SD', 'BELUM LUNAS', 'JULI 2021'),
('10183058', 'LUXVI LATIVA', 'IV', 'SD', 'BELUM LUNAS', 'JULI 2021'),
('10183059', 'ATHALLAH ABIYU SIDDIK', 'IV', 'SD', 'BELUM LUNAS', 'SEPTEMBER'),
('10183060', 'FRANKLIN RAU', 'IV', 'SD', 'BELUM LUNAS', 'SEPTEMBER'),
('10183061', 'NIZHAM JIRATULLAH SARIZ', 'IV', 'SD', 'BELUM LUNAS', 'AGUSTUS'),
('10183062', 'NAJWA ZHAAFIRAH CAESAR', 'IV', 'SD', 'BELUM LUNAS', 'SEPTEMBER'),
('10183063', 'MYIESHA NAFEEZA AMIRA', 'IV', 'SD', 'BELUM LUNAS', 'APRIL 2021 - JULI 2021'),
('10183066', 'MUHAMMAD ALFI', 'IV', 'SD', 'BELUM LUNAS', 'JULI 2021'),
('10183067', 'AURA SALSABILA', 'V', 'SD', 'BELUM LUNAS', 'JULI 2021'),
('10183068', 'Fathi Yakan Alkafi', 'VI', 'SD', 'LUNAS', 'BELUM LUNAS SEPTEMBER'),
('10183072', 'ARSYA ZHILLA', 'VI', 'SD', 'LUNAS', ''),
('10183073', 'M. ALTHAF SYAHRIZAL', 'V', 'SD', 'BELUM LUNAS', 'JULI 2021'),
('10183075', 'MUHAMMAD RAYYAN', 'VI', 'SD', 'LUNAS', 'BELUM LUNAS AGUSTUS'),
('10193006', 'ABDUL ARIQIN RAMADHANA', 'III', 'SD', 'BELUM LUNAS', 'JULI 2021'),
('10193007', 'ABDULLAH BAHAUDDIN HASJMY', 'III', 'SD', 'LUNAS', ''),
('10193008', 'ADAM FATA HAFUZA', 'III', 'SD', 'BELUM LUNAS', 'JULI 2021'),
('10193009', 'AFIQA ALTHAFUNNISA', 'III', 'SD', 'BELUM LUNAS', 'SEPTEMBER'),
('10193010', 'ALYA SYARIFA FAKHRI', 'III', 'SD', 'BELUM LUNAS', 'SEPTEMBER'),
('10193012', 'AMIRA CALISTA', 'III', 'SD', 'BELUM LUNAS', 'SEPTEMBER'),
('10193013', 'ASYRAF NAUFAL GHIFARI', 'III', 'SD', 'BELUM LUNAS', 'JULI 2021'),
('10193014', 'ATHAYA YUDHA ANORAGA', 'III', 'SD', 'BELUM LUNAS', 'SEPTEMBER'),
('10193015', 'ATHAYA YUDHIS ARADHANA', 'III', 'SD', 'BELUM LUNAS', 'SEPTEMBER'),
('10193016', 'AUFA RINA', 'III', 'SD', 'BELUM LUNAS', 'JULI 2021'),
('10193017', 'AZZAM ALFA RIZQI', 'III', 'SD', 'LUNAS', ''),
('10193018', 'CHARISE COLLEN', 'III', 'SD', 'BELUM LUNAS', 'JULI 2021'),
('10193019', 'FAIHA AQSA SHAFIYA', 'III', 'SD', 'BELUM LUNAS', 'JULI 2021'),
('10193020', 'FAIZA ALYA', 'III', 'SD', 'LUNAS', ''),
('10193021', 'FAYYADH AZZUFAR', 'III', 'SD', 'BELUM LUNAS', 'SEPTEMBER 2021'),
('10193022', 'FAZKIA NAURA ANINDYA', 'III', 'SD', 'LUNAS', ''),
('10193023', 'GIBRAN PUTRA RAHADIAN', 'III', 'SD', 'BELUM LUNAS', 'JULI 2021'),
('10193024', 'HAFIZA KHAIRA LUBNA', 'III', 'SD', 'BELUM LUNAS', 'JULI 2021'),
('10193025', 'HAYDAR JAVIER EL GHAZZY', 'III', 'SD', 'BELUM LUNAS', 'JULI 2021'),
('10193027', 'KHAIRANNAS', 'III', 'SD', 'BELUM LUNAS', 'JULI 2021'),
('10193028', 'M FATHAN HAYFA', 'III', 'SD', 'LUNAS', ''),
('10193029', 'MUHAMMAD AUFA THUFAILA', 'III', 'SD', 'BELUM LUNAS', 'AGUSTUS'),
('10193030', 'MIKHAILA CARISSA AZ-ZAHRA', 'III', 'SD', 'BELUM LUNAS', 'JULI 2021'),
('10193031', 'MOEDA GHAZY AZMI', 'III', 'SD', 'BELUM LUNAS', 'JULI 2021'),
('10193032', 'MUHAMMAD FATHUR AZZAM', 'III', 'SD', 'LUNAS', ''),
('10193033', 'MUHAMMAD KAMIL FAISYA', 'III', 'SD', 'BELUM LUNAS', 'JULI 2021'),
('10193034', 'MUHAMMAD NASUHA', 'III', 'SD', 'BELUM LUNAS', 'JULI 2021'),
('10193035', 'MUHAMMAD RAFA KHAIRUL AZAM', 'III', 'SD', 'LUNAS', ''),
('10193036', 'MUHAMMAD RAISSYAFIQ', 'III', 'SD', 'BELUM LUNAS', 'JULI 2021'),
('10193037', 'MUHAMMAD RASYA ATHAYA', 'III', 'SD', 'BELUM LUNAS', 'JULI 2021'),
('10193038', 'MUHAMMAD UZHAIR', 'III', 'SD', 'LUNAS', ''),
('10193039', 'NAJWA AUFA SHIDQIA', 'III', 'SD', 'BELUM LUNAS', 'JULI 2021'),
('10193040', 'NASYIFA AYARA', 'III', 'SD', 'LUNAS', ''),
('10193041', 'NAWAL AZKA', 'III', 'SD', 'LUNAS', ''),
('10193042', 'NAZILATUL MAGHFIRAH', 'III', 'SD', 'LUNAS', ''),
('10193043', 'PUTROE AZIZIA', 'III', 'SD', 'LUNAS', ''),
('10193045', 'RAFQA AZKA', 'III', 'SD', 'BELUM LUNAS', 'JULI 2021'),
('10193046', 'RAHIL AZKIA FARIHA', 'III', 'SD', 'BELUM LUNAS', 'JULI 2021'),
('10193047', 'RAYYAN UBAYDILLAH', 'III', 'SD', 'BELUM LUNAS', 'JULI 2021'),
('10193048', 'REIKA NATHANIA', 'III', 'SD', 'BELUM LUNAS', 'JULI 2021'),
('10193049', 'SAHAFA JALIA BR HASIBUAN', 'III', 'SD', 'LUNAS', ''),
('10193050', 'SAID MARDHATILLAH', 'III', 'SD', 'LUNAS', ''),
('10193051', 'SHARENNA ALDANISHA', 'III', 'SD', 'LUNAS', ''),
('10193052', 'SYAFIQAH APRILIA MAHARANI', 'III', 'SD', 'BELUM LUNAS', 'JULI 2021'),
('10193053', 'SYAAKIRAH AZZAHRA', 'III', 'SD', 'LUNAS', ''),
('10193054', 'SYAKIRAH NURUL IZZAH', 'III', 'SD', 'BELUM LUNAS', 'JULI 2021'),
('10193055', 'T M HANIF AL-QARASYI', 'III', 'SD', 'BELUM LUNAS', 'JULI 2021'),
('10193056', 'TASMIRA QALBY', 'III', 'SD', 'BELUM LUNAS', 'JULI 2021'),
('10193059', 'RAFA NAVARRO AL-AKRAM', 'V', 'SD', 'BELUM LUNAS', 'JULI 2021'),
('10193060', 'HAIKAL FIQRI', 'III', 'SD', 'BELUM LUNAS', 'JULI 2021'),
('10193061', 'MUHAMMAD RIZKIA', 'V', 'SD', 'BELUM LUNAS', 'JULI 2021'),
('10193063', 'AFKARRAZIQ ZHAKI HANAN RAMBE', 'III', 'SD', 'BELUM LUNAS', 'SEPTEMBER'),
('10193064', 'MUHAMMAD FATHAN AL GHIFARI', 'III', 'SD', 'LUNAS', ''),
('10193065', 'ATIKA NURAINI', 'VI', 'SD', 'BELUM LUNAS', 'JULI 2021'),
('10194004', 'ABIYU RAMZY ASLAM', 'IX', 'SMP', 'LUNAS', ''),
('10194006', 'ALYA ZASKIYA', 'IX', 'SMP', 'BELUM LUNAS', 'JULI 2021'),
('10194007', 'ANNISA AZHARI PUTRI', 'IX', 'SMP', 'BELUM LUNAS', 'JULI 2021'),
('10194008', 'ANNISA HUMAIRA HAMDANI', 'IX', 'SMP', 'BELUM LUNAS', 'JULI 2021'),
('10194009', 'AURA GHADIZA EFFENDY', 'IX', 'SMP', 'LUNAS', ''),
('10194010', 'AYLA ZASKIA ZULFI', 'IX', 'SMP', 'LUNAS', ''),
('10194011', 'CHELSEA ALAMANDA', 'IX', 'SMP', 'BELUM LUNAS', 'JULI 2021'),
('10194012', 'CHERYL MARSYA', 'IX', 'SMP', 'LUNAS', ''),
('10194013', 'DEVRINA SUCI AULIA', 'IX', 'SMP', 'LUNAS', ''),
('10194014', 'FAIZATUNNISA', 'IX', 'SMP', 'BELUM LUNAS', 'JULI 2021'),
('10194016', 'FATHIYA MAHFUZA', 'IX', 'SMP', 'BELUM LUNAS', 'SEPTEMBER 2021'),
('10194017', 'LEONARDI WANGSA', 'IX', 'SMP', 'BELUM LUNAS', 'JULI 2021'),
('10194018', 'M.AZRIL MAULANA BB', 'IX', 'SMP', 'BELUM LUNAS', 'JULI 2021'),
('10194020', 'M.HARIS MULASYIBI', 'IX', 'SMP', 'LUNAS', ''),
('10194021', 'MUHAMMAD IRGIE ASHABUL KAHFI', 'IX', 'SMP', 'BELUM LUNAS', 'JULI 2021'),
('10194022', 'MUHAMMAD ARIF RIZKI', 'IX', 'SMP', 'LUNAS', ''),
('10194023', 'MUHAMMAD DANISH', 'IX', 'SMP', 'LUNAS', ''),
('10194024', 'MUHAMMAD EL FAIZI', 'IX', 'SMP', 'BELUM LUNAS', 'OKTOBER 2021'),
('10194025', 'MUHAMMAD SULTHAN RASYA', 'IX', 'SMP', 'BELUM LUNAS', 'SEPTEMBER 2021'),
('10194026', 'NABIL RIZKYLLAH AKBAR', 'IX', 'SMP', 'LUNAS', ''),
('10194027', 'NAILA NUZULA', 'IX', 'SMP', 'BELUM LUNAS', 'JULI 2021'),
('10194028', 'NASHIRATUL KHANSA', 'IX', 'SMP', 'BELUM LUNAS', 'SEPTEMBER 2021'),
('10194029', 'NAZIRA', 'IX', 'SMP', 'LUNAS', ''),
('10194030', 'QAISRA FATIN LATEEFA', 'IX', 'SMP', 'LUNAS', ''),
('10194031', 'REYASH ZILDJIANO LUVRA', 'IX', 'SMP', 'BELUM LUNAS', 'JULI 2021'),
('10194032', 'RASYA HUBILLAH', 'IX', 'SMP', 'BELUM LUNAS', 'JULI 2021'),
('10194033', 'RICFIC KUMAR', 'IX', 'SMP', 'BELUM LUNAS', 'JULI 2021'),
('10194034', 'RIZKA AZIFA', 'IX', 'SMP', 'BELUM LUNAS', 'JULI 2021'),
('10194035', 'SAHLA AZRINA', 'IX', 'SMP', 'BELUM LUNAS', 'JULI 2021'),
('10194036', 'SAID DEYYAN DENANSYAH', 'IX', 'SMP', 'LUNAS', ''),
('10194037', 'SAID NAFIZ RIZA', 'IX', 'SMP', 'LUNAS', ''),
('10194038', 'SALWA ANNAFISAH', 'IX', 'SMP', 'BELUM LUNAS', 'JULI 2021'),
('10194040', 'VARELIA PUTRI REVALDA', 'IX', 'SMP', 'BELUM LUNAS', 'JULI 2021'),
('10194041', 'YOEL LIURENDO', 'IX', 'SMP', 'BELUM LUNAS', 'JULI 2021'),
('10194042', 'MUHAMMAD RIZKI', 'IX', 'SMP', 'LUNAS', ''),
('10194043', 'KHALIL SY BASYARAH', 'IX', 'SMP', 'LUNAS', ''),
('10194044', 'NAILA FAIRUZZA', 'IX', 'SMP', 'BELUM LUNAS', 'JULI 2021'),
('10194046', 'HAIKAL SAFNI', 'IX', 'SMP', 'LUNAS', ''),
('10194047', 'NAJLA KHANSA', 'IX', 'SMP', 'LUNAS', ''),
('10194048', 'AISHA TALITHA FAHIRA', 'IX', 'SMP', 'BELUM LUNAS', 'JULI 2021'),
('10194049', 'NURUL AZIZAH', 'IX', 'SMP', 'BELUM LUNAS', 'JULI 2021'),
('10194050', 'IVA LATHIFAH', 'IX', 'SMP', 'BELUM LUNAS', 'JULI 2021'),
('10195004', 'ABIZAR AL AQSHA', 'XII', 'SMA', 'BELUM LUNAS', 'JULI 2021'),
('10195005', 'AGIL FATHUR RAHMAN', 'XII', 'SMA', 'BELUM LUNAS', 'JULI 2021'),
('10195006', 'AHYA JAZIRA', 'XII', 'SMA', 'LUNAS', ''),
('10195007', 'ATHIRAH AFRA', 'XII', 'SMA', 'BELUM LUNAS', 'JULI 2021'),
('10195008', 'AZIZURRAHMAN', 'XII', 'SMA', 'BELUM LUNAS', 'JULI 2021'),
('10195009', 'AZKYA KAMILA MAHARANI', 'XII', 'SMA', 'BELUM LUNAS', 'JULI 2021'),
('10195010', 'EDRIC FELICIO', 'XII', 'SMA', 'BELUM LUNAS', 'JULI 2021'),
('10195011', 'EM BRYPO BAGINDA', 'XII', 'SMA', 'BELUM LUNAS', 'JULI 2021'),
('10195012', 'FERIZAL', 'XII', 'SMA', 'BELUM LUNAS', 'JULI 2021'),
('10195013', 'GIANDRA DWI PASYA', 'XII', 'SMA', 'BELUM LUNAS', 'JULI 2021'),
('10195014', 'ICHA AUREL', 'XII', 'SMA', 'BELUM LUNAS', 'JULI 2021'),
('10195015', 'IFA GHINAYA', 'XII', 'SMA', 'LUNAS', ''),
('10195016', 'INTAN ZAKYA', 'XII', 'SMA', 'BELUM LUNAS', 'JULI 2021'),
('10195017', 'KHAIRUNA ZIKRI', 'XII', 'SMA', 'BELUM LUNAS', 'SEPTEMBER 2021'),
('10195018', 'M. AIMAN', 'XII', 'SMA', 'BELUM LUNAS', 'JULI 2021'),
('10195020', 'M. DAFA RAIHANSYAH', 'XII', 'SMA', 'LUNAS', ''),
('10195021', 'MELLISA', 'XII', 'SMA', 'BELUM LUNAS', 'JULI 2021'),
('10195022', 'MUHAMMAD HANNAF', 'XII', 'SMA', 'BELUM LUNAS', 'JULI 2021'),
('10195023', 'NABILA RIFQI', 'XII', 'SMA', 'LUNAS', ''),
('10195024', 'NAJWA NAJMINA', 'XII', 'SMA', 'LUNAS', ''),
('10195025', 'NOVI RAHMADANI', 'XII', 'SMA', 'BELUM LUNAS', 'JULI 2021'),
('10195026', 'PUTRI ULLIR RAHMAH', 'XII', 'SMA', 'BELUM LUNAS', 'JULI 2021'),
('10195027', 'RAIHAN PRIA ZULMAA', 'XII', 'SMA', 'LUNAS', ''),
('10195028', 'RAISA AMANDA', 'XII', 'SMA', 'BELUM LUNAS', 'JULI 2021'),
('10195029', 'RAUZA MARISA', 'XII', 'SMA', 'BELUM LUNAS', 'JULI 2021'),
('10195030', 'RENDY WYRA PRATAMA PASI', 'XII', 'SMA', 'LUNAS', ''),
('10195031', 'RIKMAL BAIHAQI', 'XII', 'SMA', 'BELUM LUNAS', 'JULI 2021'),
('10195032', 'SARAH FAZILA', 'XII', 'SMA', 'BELUM LUNAS', 'JULI 2021'),
('10195033', 'SARTIKA APRILIA', 'XII', 'SMA', 'BELUM LUNAS', 'JULI 2021'),
('10195034', 'SYIFA ANDALIA', 'XII', 'SMA', 'BELUM LUNAS', 'JULI 2021'),
('10195035', 'SYIFA SYAHIRAH', 'XII', 'SMA', 'BELUM LUNAS', 'AGUSTUS 2021'),
('10195036', 'T. ARIF RIFQI', 'XII', 'SMA', 'BELUM LUNAS', 'JULI 2021'),
('10195037', 'YOBEL PRECIOUS FUSIN', 'XII', 'SMA', 'LUNAS', ''),
('10203001', 'KAINDRA AHYAN AHURAYAZDA LESMANA', 'IV', 'SD', 'LUNAS', ''),
('10203002', 'ASYRAFFA DIVIAN', 'III', 'SD', 'BELUM LUNAS', 'SEPTEMBER'),
('10203018', 'TIJAN FATIN SAHIRA', 'II', 'SD', 'BELUM LUNAS', 'JULI 2021'),
('10203019', 'DIWA ANUGRAH', 'II', 'SD', 'LUNAS', ''),
('10203020', 'NAUFAL AL KHALIFI', 'II', 'SD', 'LUNAS', ''),
('10203021', 'MUHAMMAD FIRHAN', 'II', 'SD', 'BELUM LUNAS', 'JULI 2021'),
('10203022', 'KEENAND ATHARCHALIF', 'II', 'SD', 'BELUM LUNAS', 'JULI 2021'),
('10203023', 'MUHAMMAD ABIDZAR AL GHIFARI', 'II', 'SD', 'BELUM LUNAS', 'JULI 2021'),
('10203024', 'RASYA GIBRAN', 'II', 'SD', 'BELUM LUNAS', 'JULI 2021'),
('10203025', 'MUHAMMAD BILAL GHUFFRAN ALKAUTSAR', 'II', 'SD', 'BELUM LUNAS', 'JULI 2021'),
('10203026', 'MUHAMMAD FATA', 'II', 'SD', 'BELUM LUNAS', 'JULI 2021'),
('10203027', 'MUHAMMAD ALFATIH', 'II', 'SD', 'BELUM LUNAS', 'SEPTEMBER 2021'),
('10203028', 'AINA CALISTA SYAHIRA', 'II', 'SD', 'LUNAS', ''),
('10203029', 'PUTROE HANIFAH', 'II', 'SD', 'LUNAS', ''),
('10203030', 'M. FAIREL ATTHARIZ CHALIEF', 'II', 'SD', 'BELUM LUNAS', 'SEPTEMBER 2020 - JULI 2021'),
('10203031', 'SAILA SAVAIRA', 'II', 'SD', 'BELUM LUNAS', 'JULI 2021'),
('10203032', 'RALINE AL KHAIRA', 'II', 'SD', 'LUNAS', ''),
('10203033', 'CUT ANNISA FAIHA', 'II', 'SD', 'LUNAS', ''),
('10203034', 'ZAHIYA HUMAIRA', 'II', 'SD', 'BELUM LUNAS', 'JULI 2021'),
('10203035', 'AURORA PUTRI ZAHERLY', 'II', 'SD', 'BELUM LUNAS', 'JULI 2021'),
('10203036', 'SYIFA THALITA ZAHRA', 'II', 'SD', 'BELUM LUNAS', 'SEPTEMBER 2021'),
('10203037', 'CUT ANISA LIDIYA', 'II', 'SD', 'BELUM LUNAS', 'JULI 2021'),
('10203038', 'ATTALA SHAFARAZ', 'II', 'SD', 'LUNAS', ''),
('10203039', 'FAYIZ ARKAN', 'II', 'SD', 'BELUM LUNAS', 'JULI 2021'),
('10203040', 'MUHAMMAD TEUNGKU RIZAL AVIVAN', 'II', 'SD', 'LUNAS', ''),
('10203041', 'CUT LUTHFIA QATRUNNADA', 'II', 'SD', 'BELUM LUNAS', 'JULI 2021'),
('10203042', 'MUHAMMAD AL GHAZALI', 'II', 'SD', 'BELUM LUNAS', 'JULI 2021'),
('10203043', 'ALVARO GRAVIEL KOSIDIN', 'II', 'SD', 'LUNAS', ''),
('10203044', 'MUHAMMAD SATTAR', 'II', 'SD', 'BELUM LUNAS', 'JULI 2021'),
('10203045', 'NADINE SHAFIYA', 'II', 'SD', 'LUNAS', ''),
('10203046', 'ZAHRATUL HUMAIRA', 'II', 'SD', 'BELUM LUNAS', 'JULI 2021'),
('10203047', 'ABIDZAR AL FARISKI', 'II', 'SD', 'BELUM LUNAS', 'JULI 2021'),
('10203048', 'TEUKU RAJA ALFATIH', 'II', 'SD', 'BELUM LUNAS', 'JULI 2021'),
('10203049', 'RIFYAL ABIYYU IFFAT', 'II', 'SD', 'LUNAS', ''),
('10203050', 'KHALIS SAFNI', 'II', 'SD', 'LUNAS', ''),
('10203051', 'MUHAMMAD ZHAFRAN MUAZ', 'II', 'SD', 'BELUM LUNAS', 'OKTOBER 2021'),
('10203052', 'MUHAMMAD FATIH PUTRA SHAFI NASUTION', 'II', 'SD', 'BELUM LUNAS', 'JULI 2021'),
('10203053', 'SYUJA BASYSYAR', 'II', 'SD', 'BELUM LUNAS', 'JULI 2021'),
('10203054', 'KAISAR RAKA AL ISLAM', 'II', 'SD', 'BELUM LUNAS', 'JULI 2021'),
('10203055', 'ISYATUN ASRIAH', 'II', 'SD', 'BELUM LUNAS', 'JULI 2021'),
('10203056', 'MUHAMMAD ASYRAAF JAMALUDDIN', 'II', 'SD', 'LUNAS', ''),
('10203057', 'MUHAMMAD ALKHALIFI HAMIZAN', 'II', 'SD', 'BELUM LUNAS', 'JULI 2021'),
('10203058', 'ARIFAL HAQQI', 'II', 'SD', 'BELUM LUNAS', 'JULI 2021'),
('10203059', 'ATIKA ZAHRA RATIFA', 'II', 'SD', 'LUNAS', ''),
('10203061', 'INAYA TALITA SAKHI', 'II', 'SD', 'BELUM LUNAS', 'JULI 2021'),
('10203062', 'CUT AMIRA SYAKIRA', 'II', 'SD', 'LUNAS', ''),
('10203063', 'RIFQAH RAJWAA', 'II', 'SD', 'BELUM LUNAS', 'JULI 2021'),
('10203064', 'FAIQA ZAHIRA', 'II', 'SD', 'BELUM LUNAS', 'JULI 2021'),
('10203065', 'OSIE KHANZA AZZAHRA', 'II', 'SD', 'BELUM LUNAS', 'JULI 2021'),
('10203066', 'HAURA TAMIMI', 'II', 'SD', 'BELUM LUNAS', 'JULI 2021'),
('10203067', 'QAIREEN AISYA SIDDIQA', 'II', 'SD', 'LUNAS', ''),
('10203068', 'FATHAN AFKAHUL RIZAL', 'II', 'SD', 'LUNAS', ''),
('10203069', 'MUHAMMAD ZHAFRAN', 'II', 'SD', 'LUNAS', ''),
('10203070', 'MUHAMMAD KHALIF', 'II', 'SD', 'LUNAS', ''),
('10203071', 'MUHAMMAD DAFA AL HAFIZ', 'II', 'SD', 'LUNAS', ''),
('10203072', 'MUHAMMAD FARREL AL ZHARIEF', 'II', 'SD', 'BELUM LUNAS', 'JULI 2021'),
('10203073', 'MUHAMMAD DZAKY ALMAEER', 'II', 'SD', 'LUNAS', ''),
('10203074', 'MUHAMMAD AQSA ZHEIN', 'II', 'SD', 'BELUM LUNAS', 'JULI 2021'),
('10203075', 'MUHAMMAD KHALIL AZIZI', 'II', 'SD', 'BELUM LUNAS', 'JULI 2021'),
('10203076', 'TEUKU SABIQ EL-FATHIN', 'II', 'SD', 'BELUM LUNAS', 'JULI 2021'),
('10203077', 'GHUFRAN AL ZAIDAN', 'II', 'SD', 'BELUM LUNAS', 'JULI 2021'),
('10203078', 'ARKAN ALFARIZI', 'II', 'SD', 'BELUM LUNAS', 'JULI 2021'),
('10203079', 'BALQIS NAURA ATHIFA', 'II', 'SD', 'BELUM LUNAS', 'JULI 2021'),
('10203080', 'BALQIS HUMAIRA', 'II', 'SD', 'BELUM LUNAS', 'JULI 2021'),
('10203081', 'NADA FILZATUL MUNA', 'IV', 'SD', 'LUNAS', ''),
('10203082', 'KIARRA LAKEISHA FIKY HIDAYAT', 'VI', 'SD', 'BELUM LUNAS', 'JULI 2021'),
('10203083', 'KENDRA NAROTTAMA FIKY HIDAYAT', 'III', 'SD', 'BELUM LUNAS', 'JULI 2021'),
('10203086', 'INAYATUL LATHIFAH', 'II', 'SD', 'BELUM LUNAS', 'JULI 2021'),
('10203087', 'HUMAIRA AZKIATUN NAJA', 'II', 'SD', 'BELUM LUNAS', 'JULI 2021'),
('10203088', 'KHADZIYA NISRINA INDAH', 'II', 'SD', 'BELUM LUNAS', 'JULI 2021'),
('10203089', 'LUTHFATUN NAJA', 'II', 'SD', 'BELUM LUNAS', 'JULI 2021'),
('10203090', 'MUHAMMAD NABIL FAYADH', 'II', 'SD', 'BELUM LUNAS', 'JULI 2021'),
('10203091', 'NAFISA ZUHRA', 'II', 'SD', 'BELUM LUNAS', 'JULI 2021'),
('10203092', 'RAJWA SHALIHA', 'II', 'SD', 'LUNAS', ''),
('10203093', 'SAYED JIBRIL HADDAD', 'II', 'SD', 'BELUM LUNAS', 'JULI 2021'),
('10203094', 'SYAMIL KHALID ASLAM', 'II', 'SD', 'LUNAS', ''),
('10203095', 'TSURAYYA KHAYYIRAH', 'II', 'SD', 'LUNAS', ''),
('10203096', 'ALYA SAFNI', 'VI', 'SD', 'LUNAS', ''),
('10204001', 'CUT AYLA AZZURA', 'IX', 'SMP', 'BELUM LUNAS', 'JULI 2021'),
('10204002', 'MEYLA FAIZA ZUHRA', 'IX', 'SMP', 'LUNAS', ''),
('10204003', 'RISKY INDRAWAN', 'IX', 'SMP', 'BELUM LUNAS', 'JULI 2021'),
('10204004', 'Sultan Arif', 'VIII', 'SMP', 'BELUM LUNAS', 'JULI 2021'),
('10204005', 'Muhammad Nabil Zahran', 'VIII', 'SMP', 'LUNAS', ''),
('10204006', 'Nabil ZA', 'VIII', 'SMP', 'BELUM LUNAS', 'JULI 2021'),
('10204007', 'Alif', 'VIII', 'SMP', 'BELUM LUNAS', 'SEPTEMBER 2021'),
('10204008', 'Aisar Musayyar', 'VIII', 'SMP', 'BELUM LUNAS', 'JULI 2021'),
('10204009', 'Islah Nafis Fadillah', 'VIII', 'SMP', 'BELUM LUNAS', 'JULI 2021'),
('10204010', 'Patric Valentino', 'VIII', 'SMP', 'BELUM LUNAS', 'JULI 2021'),
('10204011', 'Alfa Munira', 'VIII', 'SMP', 'LUNAS', ''),
('10204012', 'Akmal Syarif Faiza', 'VIII', 'SMP', 'BELUM LUNAS', 'JULI 2021'),
('10204013', 'Ainun Ayu Rahmaniah', 'VIII', 'SMP', 'LUNAS', ''),
('10204015', 'MUHAMMAD RAJA NAUFAL', 'VIII', 'SMP', 'LUNAS', ''),
('10204016', 'DIVAUL KAMILA RAMADHANI', 'VIII', 'SMP', 'BELUM LUNAS', 'SEPTEMBER 2021'),
('10204017', 'AL TSAQIF SALIM', 'VIII', 'SMP', 'BELUM LUNAS', 'JULI 2021'),
('10204018', 'HUSNIL MUBARAK', 'VIII', 'SMP', 'BELUM LUNAS', 'JULI 2021'),
('10204019', 'KHAIRA RADHWA', 'VIII', 'SMP', 'BELUM LUNAS', 'JULI 2021'),
('10204020', 'MUSAYYARATUL BARRARAH', 'VIII', 'SMP', 'BELUM LUNAS', 'JULI 2021'),
('10204021', 'AMINUL HAFIZ', 'VIII', 'SMP', 'BELUM LUNAS', 'JULI 2021'),
('10204022', 'ABDUL KADIR ILHAM', 'VIII', 'SMP', 'LUNAS', ''),
('10204023', 'MUHAMMAD FARID ALGIFARI', 'VIII', 'SMP', 'LUNAS', ''),
('10204024', 'MARIO MALTA SIHOMBING', 'VIII', 'SMP', 'BELUM LUNAS', 'JULI 2021'),
('10204025', 'ALIYAH HANIFAH', 'IX', 'SMP', 'BELUM LUNAS', 'JULI 2021'),
('10204027', 'MEISYE HALIM', 'IX', 'SMP', 'BELUM LUNAS', 'JULI 2021'),
('10204028', 'RAKHA TARANGGA FIKY HIDAYAT', 'IX', 'SMP', 'LUNAS', ''),
('10204029', 'AQIL GHOUFAR EFFENDY', 'VIII', 'SMP', 'LUNAS', ''),
('10204030', 'RAIHANA QAYSHA AFIFAH', 'VIII', 'SMP', 'BELUM LUNAS', 'JULI 2021'),
('10204031', 'AZNIEL ASKHYA DAYAHNA', 'VIII', 'SMP', 'BELUM LUNAS', 'JULI 2021'),
('10204032', 'UKHTI TSABITHA', 'VIII', 'SMP', 'BELUM LUNAS', 'JULI 2021'),
('10204033', 'ARISTA NAZWA ANANDA', 'VIII', 'SMP', 'BELUM LUNAS', 'JULI 2021'),
('10204034', 'AMALIA RIZKA', 'VIII', 'SMP', 'BELUM LUNAS', 'JULI 2021'),
('10204035', 'RACHEL AINAYA FAIZA', 'VIII', 'SMP', 'LUNAS', ''),
('10204036', 'ANNISA AL MAQHVIRA', 'VIII', 'SMP', 'BELUM LUNAS', 'MEI 2021 - JULI 2021'),
('10204037', 'ANGGI SANJANA', 'VIII', 'SMP', 'LUNAS', ''),
('10204038', 'MUHAMMAD ALFUS', 'VIII', 'SMP', 'BELUM LUNAS', 'MARET 2021 - JULI 2021'),
('10204039', 'MUHAMMAD ASRUL FAIZIN', 'VIII', 'SMP', 'LUNAS', ''),
('10204040', 'CUT AYLA AZZURA', 'VIII', 'SMP', 'BELUM LUNAS', 'JULI 2021'),
('10204041', 'M. THARIQ AL-AUSAD', 'VIII', 'SMP', 'BELUM LUNAS', 'JULI 2021'),
('10204042', 'ARSYFA MAHARANI', 'VIII', 'SMP', 'LUNAS', ''),
('10204043', 'RIFQA DARUVA', 'VIII', 'SMP', 'LUNAS', ''),
('10204044', 'ZIA SITI ZAYYANA', 'VIII', 'SMP', 'BELUM LUNAS', 'JULI 2021'),
('10204045', 'YASMIN THUFAILAH', 'VIII', 'SMP', 'LUNAS', ''),
('10204046', 'FRANCESCO RAU', 'VIII', 'SMP', 'LUNAS', ''),
('10204047', 'NABIL DZAKWAAN', 'VIII', 'SMP', 'LUNAS', ''),
('10204048', 'ZATA ZAMHARIRA', 'VIII', 'SMP', 'LUNAS', ''),
('10204049', 'ALIA KARIMA', 'VIII', 'SMP', 'BELUM LUNAS', 'JULI 2021'),
('10204050', 'IVAN JARVIS', 'VIII', 'SMP', 'BELUM LUNAS', 'JULI 2021'),
('10204051', 'CUT SOFIE FARADILA', 'VIII', 'SMP', 'BELUM LUNAS', 'JULI 2021'),
('10204052', 'NASYWA FALISHA', 'VIII', 'SMP', 'LUNAS', ''),
('10204053', 'ZALFA RAISAL', 'VIII', 'SMP', 'BELUM LUNAS', 'JULI 2021'),
('10204055', 'DIVIA RAMADHANI', 'VIII', 'SMP', 'BELUM LUNAS', 'JULI 2021'),
('10204056', 'ARIVA GEBRILIA PUTRI', 'VIII', 'SMP', 'LUNAS', ''),
('10204057', 'CUT NAMIRA', 'VIII', 'SMP', 'LUNAS', ''),
('10204058', 'MUHAMMAD RAFA FAHLEVI', 'VIII', 'SMP', 'BELUM LUNAS', 'JULI 2021'),
('10204059', 'EGBERT AURICK LIMANDU', 'VIII', 'SMP', 'BELUM LUNAS', 'JULI 2021'),
('10204060', 'SYADIQ AL FAYET', 'VIII', 'SMP', 'LUNAS', ''),
('10204062', 'AURELLYALLODIA FAIZA KUSUMA', 'VIII', 'SMP', 'BELUM LUNAS', 'SEPTEMBER 2021'),
('10204064', 'MUHAMMAD ZHAFRAN SHIDQI', 'VIII', 'SMP', 'BELUM LUNAS', 'JULI 2021'),
('10204065', 'Muhammad Algifari', 'VIII', 'SMP', 'BELUM LUNAS', 'MEI 2021 - JULI 2021'),
('10204066', 'Qaisar Nabil Al-Fathan', 'VIII', 'SMP', 'BELUM LUNAS', 'SEPTEMBER 2021'),
('10204067', 'NASHIFAH SYAKIB DAMANIK', 'VIII', 'SMP', 'BELUM LUNAS', 'SEPTEMBER 2021'),
('10205002', 'FATHURRAHMAN HAWARI', 'XII', 'SMA', 'BELUM LUNAS', 'JULI 2021'),
('10205004', 'Syahreza Bantara Yudha', 'XI', 'SMA', 'LUNAS', ''),
('10205005', 'Rifa Fauhan', 'XI', 'SMA', 'LUNAS', ''),
('10205006', 'M. Fawwaz Al Kafa', 'XI', 'SMA', 'BELUM LUNAS', 'JULI 2021'),
('10205007', 'Almira Zafira', 'XI', 'SMA', 'LUNAS', ''),
('10205008', 'Teuku Firman', 'XI', 'SMA', 'BELUM LUNAS', 'JULI 2021'),
('10205009', 'Muhammad Fauzi', 'XI', 'SMA', 'BELUM LUNAS', 'JULI 2021'),
('10205010', 'T.M Zaffa Abrar', 'XI', 'SMA', 'BELUM LUNAS', 'JULI 2021'),
('10205011', 'Nasya Dwi Lestari', 'XI', 'SMA', 'LUNAS', ''),
('10205012', 'Raudhatul Jannah', 'XI', 'SMA', 'BELUM LUNAS', 'JULI 2021'),
('10205013', 'DOMINIC SHIFA', 'XI', 'SMA', 'BELUM LUNAS', 'JULI 2021'),
('10205015', 'TAMLICHA', 'XI', 'SMA', 'LUNAS', ''),
('10205016', 'Muhammad Al Ghiffari', 'XI', 'SMA', 'BELUM LUNAS', 'JULI 2021'),
('10205017', 'Muhammad fariq ulhaq', 'XI', 'SMA', 'BELUM LUNAS', 'JULI 2021'),
('10205018', 'Lailan Thawila', 'XI', 'SMA', 'LUNAS', ''),
('10205019', 'Stella Nathania', 'XI', 'SMA', 'BELUM LUNAS', 'JULI 2021'),
('10205020', 'Diefa Adilla Haz', 'XI', 'SMA', 'LUNAS', ''),
('10205021', 'Rafi Alkhairan', 'XI', 'SMA', 'LUNAS', ''),
('10205022', 'Muhammad Aufa', 'XI', 'SMA', 'BELUM LUNAS', 'JULI 2021'),
('10205023', 'Hani Zafira Ramadhani', 'XI', 'SMA', 'BELUM LUNAS', 'JULI 2021'),
('10205024', 'Muhammad Syauqi', 'XI', 'SMA', 'BELUM LUNAS', 'JULI 2021'),
('10205025', 'Awfa Farrah Dhiba', 'XI', 'SMA', 'BELUM LUNAS', 'JULI 2021'),
('10205026', 'Muhammad Aulia', 'XI', 'SMA', 'BELUM LUNAS', 'JULI 2021'),
('10205027', 'Teuku Muhammad Arril Juliansyah', 'XI', 'SMA', 'BELUM LUNAS', 'JULI 2021'),
('10205028', 'Muhammad Hanif', 'XI', 'SMA', 'LUNAS', ''),
('10205029', 'Naifa Shabira', 'XI', 'SMA', 'LUNAS', ''),
('10205030', 'Thariq Al Wafi', 'XI', 'SMA', 'BELUM LUNAS', 'JULI 2021'),
('10205031', 'Yasmin Yumna', 'XI', 'SMA', 'LUNAS', ''),
('10205032', 'Ilham Adidian Triwijaksana', 'XI', 'SMA', 'BELUM LUNAS', 'JULI 2021'),
('10205033', 'Bifawan Aulia', 'XI', 'SMA', 'LUNAS', ''),
('10205034', 'M. Arayki', 'XI', 'SMA', 'BELUM LUNAS', 'JULI 2021'),
('10205035', 'Nahwa Al Islami Al Haq', 'XI', 'SMA', 'LUNAS', ''),
('10205036', 'Nasywan', 'XI', 'SMA', 'BELUM LUNAS', 'JULI 2021'),
('10205037', 'Luqmanul Hakim', 'XI', 'SMA', 'BELUM LUNAS', 'JULI 2021'),
('10205038', 'Nathaniel Abed Kianto', 'XI', 'SMA', 'LUNAS', ''),
('10205039', 'Inas Amirah', 'XI', 'SMA', 'BELUM LUNAS', 'JULI 2021'),
('10205040', 'Nurul Hidayati Maulidna', 'XI', 'SMA', 'LUNAS', ''),
('10205041', 'Rajwa Rajiyya', 'XI', 'SMA', 'LUNAS', ''),
('10205042', 'Farahdila Saputri', 'XI', 'SMA', 'LUNAS', ''),
('10205043', 'Said Naufal Riza', 'XI', 'SMA', 'LUNAS', ''),
('10205044', 'Zian Ukmul Hafidh', 'XI', 'SMA', 'BELUM LUNAS', 'JULI 2021'),
('10205045', 'Dilla Amanda Rizalmi', 'XI', 'SMA', 'BELUM LUNAS', 'JULI 2021'),
('10205046', 'Muhammad Nauval Razan', 'XI', 'SMA', 'BELUM LUNAS', 'JULI 2021'),
('10205047', 'MUNNA SALSABILA', 'XI', 'SMA', 'LUNAS', ''),
('10205048', 'Gebri Fahlevi', 'XI', 'SMA', 'BELUM LUNAS', 'JULI 2021'),
('10205049', 'T.M Agil Al Hafidh', 'XI', 'SMA', 'BELUM LUNAS', 'JULI 2021'),
('10205050', 'Muhammad Rizki', 'XI', 'SMA', 'BELUM LUNAS', 'JULI 2021'),
('10205051', 'Renal Zaky Muhammad', 'XI', 'SMA', 'BELUM LUNAS', 'SEPTEMBER 2021'),
('10205052', 'MAIZA SRI NURHALIZA', 'XII', 'SMA', 'LUNAS', ''),
('10205053', 'THIFAL AULIA', 'XI', 'SMA', 'BELUM LUNAS', 'JULI 2021'),
('10205054', 'M.AL BARIQ ILL SAUWIR', 'XI', 'SMA', 'LUNAS', ''),
('10205055', 'ZIAUL MUBARAQ', 'XI', 'SMA', 'BELUM LUNAS', 'JULI 2021'),
('10205056', 'Muhammad Hafiz', 'XI', 'SMA', 'BELUM LUNAS', 'JULI 2021'),
('10205057', 'CUT HIKMA SARI', 'XII', 'SMA', 'BELUM LUNAS', 'JULI 2021'),
('10213001', 'MUHAMMAD AZZAM', 'III', 'SD', 'BELUM LUNAS', 'JULI 2021'),
('10213003', 'ABDUL MALIK', 'I', 'SD', 'LUNAS', ''),
('10213004', 'ABIZAR ALGHIFARI', 'I', 'SD', 'LUNAS', ''),
('10213005', 'ACHMAD AL SYAMEEL', 'I', 'SD', 'LUNAS', ''),
('10213006', 'ADAM ZIA ULHAQ', 'I', 'SD', 'LUNAS', ''),
('10213007', 'ADZKIA TARISA', 'I', 'SD', 'LUNAS', ''),
('10213008', 'AHNAF MEUTUAH ARDYA', 'I', 'SD', 'LUNAS', ''),
('10213009', 'AISHA SAFIRA HUMAIRA', 'I', 'SD', 'LUNAS', ''),
('10213010', 'AKIFA NAILA', 'I', 'SD', 'LUNAS', ''),
('10213011', 'AL MUHTADEE BILLAH SIDDIK', 'I', 'SD', 'BELUM LUNAS', 'SEPTEMBER 2021'),
('10213012', 'ALAYYA AISY SYAVI', 'I', 'SD', 'LUNAS', ''),
('10213013', 'ALFATIH KHALIFA UMAR', 'I', 'SD', 'LUNAS', ''),
('10213014', 'ALISHA WILDA KHAIRA', 'I', 'SD', 'LUNAS', ''),
('10213015', 'AMIRA AZZAHRA', 'I', 'SD', 'LUNAS', ''),
('10213016', 'AMMAR FAIZ ZUBAIR', 'I', 'SD', 'LUNAS', ''),
('10213017', 'ATHAYA ALTHAFUNNISA', 'I', 'SD', 'LUNAS', ''),
('10213018', 'AVISA HAURA DZAKIYAH', 'I', 'SD', 'LUNAS', ''),
('10213019', 'AZANAVID PHATAMAR BARIGHA', 'I', 'SD', 'LUNAS', ''),
('10213020', 'AZZALVA LATIVA', 'I', 'SD', 'LUNAS', ''),
('10213021', 'CECILY DONNELIA', 'I', 'SD', 'BELUM LUNAS', 'SEPTEMBER 2021'),
('10213022', 'CHELYONA COLLEN', 'I', 'SD', 'LUNAS', ''),
('10213023', 'CHEZAHRA ALAMANDA', 'I', 'SD', 'LUNAS', ''),
('10213024', 'CUT CARISSA PUTRI', 'I', 'SD', 'LUNAS', ''),
('10213025', 'DERA CHILSYA RYUMA', 'I', 'SD', 'LUNAS', ''),
('10213026', 'EMILI SHAFIYA KAWSIRAZY', 'I', 'SD', 'LUNAS', ''),
('10213027', 'GHAZIYA HAFIZA', 'I', 'SD', 'LUNAS', ''),
('10213028', 'GHAZIYA HAFIZA', 'I', 'SD', 'LUNAS', ''),
('10213029', 'GIBRAN FAWWAZ', 'I', 'SD', 'LUNAS', ''),
('10213030', 'ILKAY GHAUZAN', 'I', 'SD', 'BELUM LUNAS', 'SEPTEMBER 2021'),
('10213031', 'INARA FARZANA AHSA RAMBE', 'I', 'SD', 'LUNAS', ''),
('10213032', 'JASMINE CALLISTA BALQIS', 'I', 'SD', 'LUNAS', ''),
('10213033', 'MAHARANI BELLVANIA', 'I', 'SD', 'LUNAS', ''),
('10213034', 'MUHAMMAD ABIDAL VIZAN', 'I', 'SD', 'LUNAS', ''),
('10213035', 'MUHAMMAD AZZAM ALKHAIRAN', 'I', 'SD', 'LUNAS', ''),
('10213036', 'MUHAMMAD KENZIE AL FARIZY', 'I', 'SD', 'LUNAS', ''),
('10213037', 'MUHAMMAD LUTHFI', 'I', 'SD', 'LUNAS', ''),
('10213038', 'MUHAMMAD YUDANTA RAIS', 'I', 'SD', 'LUNAS', ''),
('10213039', 'PUAN AISYAH NADHIRA', 'I', 'SD', 'LUNAS', ''),
('10213040', 'QAIREEN DAMIA YOVAN', 'I', 'SD', 'LUNAS', ''),
('10213041', 'QANITA ARSYFA', 'I', 'SD', 'LUNAS', ''),
('10213042', 'RANIA AVANTIKA LESMANA', 'I', 'SD', 'LUNAS', ''),
('10213043', 'SAUSAN HANIFA GINTING', 'I', 'SD', 'LUNAS', ''),
('10213044', 'SULTAN ALSIRAJ AUFAR', 'I', 'SD', 'LUNAS', ''),
('10213045', 'SYAMILA YASMINE', 'I', 'SD', 'LUNAS', ''),
('10213046', 'SYEIKHA HUMAIRA FAJRI', 'I', 'SD', 'LUNAS', ''),
('10213047', 'SYIFA NUR ALIYA', 'I', 'SD', 'LUNAS', ''),
('10213048', 'UMAR', 'I', 'SD', 'LUNAS', ''),
('10213049', 'DARA QANITA', 'I', 'SD', 'LUNAS', ''),
('10213050', 'TEUKU MUHAMMAD AUFA ASSAIF', 'I', 'SD', 'LUNAS', ''),
('10213051', 'AFIFA AZKIYA', 'I', 'SD', 'LUNAS', ''),
('10214001', 'ARSYILA', 'VIII', 'SMP', 'BELUM LUNAS', 'JULI 2021'),
('10214002', 'DZALFA AKIFAH', 'IX', 'SMP', 'LUNAS', ''),
('10214003', 'ADELIA MASTURA', 'VII', 'SMP', 'LUNAS', ''),
('10214004', 'ANINDYA ELVARETTA', 'VII', 'SMP', 'LUNAS', ''),
('10214005', 'ATTAYA SHAPIRA', 'VII', 'SMP', 'LUNAS', ''),
('10214006', 'AUFA SYAHREZA AL FAKHRI', 'VII', 'SMP', 'LUNAS', ''),
('10214007', 'BASITH RAFIQ FAUZAL', 'VII', 'SMP', 'LUNAS', ''),
('10214008', 'BIVITRI LAISYA AL KATIRY', 'VII', 'SMP', 'LUNAS', ''),
('10214009', 'BTARI AIESHA MEDINA', 'VII', 'SMP', 'LUNAS', ''),
('10214010', 'CHELSIA LIUREN', 'VII', 'SMP', 'LUNAS', ''),
('10214011', 'CARRYN CHRISTY', 'VII', 'SMP', 'LUNAS', ''),
('10214012', 'DIAN KHAIRANI', 'VII', 'SMP', 'LUNAS', ''),
('10214013', 'DINI MASRURA', 'VII', 'SMP', 'LUNAS', ''),
('10214014', 'FARIS ATHAILLAH', 'VII', 'SMP', 'LUNAS', ''),
('10214015', 'FATIN MUHSINA', 'VII', 'SMP', 'LUNAS', ''),
('10214016', 'FAULIJAH RAHMAH', 'VII', 'SMP', 'BELUM LUNAS', 'AGUSTUS 2021'),
('10214017', 'FITRIA RAMADHANI', 'VII', 'SMP', 'LUNAS', ''),
('10214018', 'GHAFAR GHAFFARI', 'VII', 'SMP', 'LUNAS', ''),
('10214019', 'KHANSA SYIFA', 'VII', 'SMP', 'LUNAS', ''),
('10214020', 'M. HANIF', 'VII', 'SMP', 'LUNAS', ''),
('10214021', 'MUHAMMAD DAFFA AL HAZIQ', 'VII', 'SMP', 'LUNAS', ''),
('10214022', 'MUHAMMAD FAKHRI RIZQI', 'VII', 'SMP', 'LUNAS', ''),
('10214023', 'MUHAMMAD HILMY MUFID', 'VII', 'SMP', 'LUNAS', ''),
('10214024', 'MUHAMMAD LUTHFI', 'VII', 'SMP', 'LUNAS', ''),
('10214025', 'MUHAMMAD RASYA PRATAMA', 'VII', 'SMP', 'LUNAS', ''),
('10214026', 'MUHAMMAD SULTHAAN KHAAFIDH ALMULKI', 'VII', 'SMP', 'LUNAS', ''),
('10214027', 'RADHWA KHAIRAB', 'VII', 'SMP', 'LUNAS', ''),
('10214028', 'RACHEL ILMIRA DEIANSZA', 'VII', 'SMP', 'LUNAS', ''),
('10214029', 'SHABIRATUN NAJA', 'VII', 'SMP', 'LUNAS', ''),
('10214030', 'SAYED ZAIDIL MAHFUDH', 'VII', 'SMP', 'LUNAS', ''),
('10214031', 'SITTI AMELIA', 'VII', 'SMP', 'LUNAS', ''),
('10214032', 'SYIFA ANDRIA', 'VII', 'SMP', 'LUNAS', ''),
('10214033', 'T. FAIZ AKBAR', 'VII', 'SMP', 'LUNAS', ''),
('10214034', 'TANZILA UKTIFA', 'VII', 'SMP', 'BELUM LUNAS', 'SEPTEMBER 2021'),
('10214035', 'TARA AZUHRA', 'VII', 'SMP', 'LUNAS', ''),
('10214036', 'WILDA ZUHRA PUTRI NAFISA', 'VII', 'SMP', 'LUNAS', ''),
('10214037', 'WILDAN FAYYADH', 'VII', 'SMP', 'LUNAS', ''),
('10214038', 'ZAHRATUSSYITA MUHAMMAD', 'VII', 'SMP', 'LUNAS', ''),
('10214039', 'MAZAYA NAIMI', 'VII', 'SMP', 'BELUM LUNAS', 'SEPTEMBER 2021'),
('10214040', 'PUTRI NASYWA', 'VII', 'SMP', 'LUNAS', ''),
('10214041', 'MUHFAZA', 'VII', 'SMP', 'LUNAS', ''),
('10214042', 'GERRARD CHRISTIAN KARTOLO', 'VII', 'SMP', 'LUNAS', ''),
('10214043', 'DAVIN KOEMARDI', 'VII', 'SMP', 'LUNAS', ''),
('10214044', 'SALSABILA ASKAFIA', 'VII', 'SMP', 'LUNAS', ''),
('10214045', 'SITI NOVIA AS-SYIFA', 'VII', 'SMP', 'LUNAS', ''),
('10214046', 'ALFA ZAYYAN GHIFARI', 'VII', 'SMP', 'LUNAS', ''),
('10214047', 'MOEHAMMAD IKRAM AL-FAJR', 'VII', 'SMP', 'LUNAS', ''),
('10215001', 'AISYA LUTHFIA', 'XII', 'SMA', 'BELUM LUNAS', 'JULI 2021'),
('10215002', 'RENOLD FERDIAN SAPUTRA', 'XI', 'SMA', 'LUNAS', ''),
('10215003', 'MUHAMMAD ZIDAN', 'X', 'SMA', 'LUNAS', ''),
('10215004', 'AULIA RIZQULLAH AZWIR', 'X', 'SMA', 'LUNAS', ''),
('10215005', 'HUSNUL NABILA IRFA', 'X', 'SMA', 'LUNAS', ''),
('10215006', 'MUHAMMAD ICHSAN', 'X', 'SMA', 'LUNAS', ''),
('10215007', 'MEKADINA ADISA RAHMATILLAH', 'X', 'SMA', 'LUNAS', ''),
('10215008', 'AHMAD SYAUQI FATHANI', 'X', 'SMA', 'LUNAS', ''),
('10215009', 'YASMIN AZURA PUTRI', 'X', 'SMA', 'LUNAS', ''),
('10215010', 'KHAIRAL ABDI', 'X', 'SMA', 'LUNAS', ''),
('10215011', 'MUHAMMAD HAIKAL ASY\'ARY', 'X', 'SMA', 'LUNAS', ''),
('10215012', 'AKMAL KAUSHAR', 'X', 'SMA', 'LUNAS', ''),
('10215013', 'VICTOR ONG', 'X', 'SMA', 'LUNAS', ''),
('10215014', 'NABILA RAMADHANI', 'X', 'SMA', 'LUNAS', ''),
('10215015', 'NAJWA ZAMHAHIRA', 'X', 'SMA', 'LUNAS', ''),
('10215016', 'NASYWA ERZA', 'X', 'SMA', 'LUNAS', ''),
('10215017', 'M. DZAKI', 'X', 'SMA', 'BELUM LUNAS', 'SEPTEMBER 2021'),
('10215018', 'VINCA CHRISTY', 'X', 'SMA', 'LUNAS', ''),
('10215019', 'GHEA GHAITSA', 'X', 'SMA', 'LUNAS', ''),
('10215020', 'DARA ZASKIA', 'X', 'SMA', 'LUNAS', ''),
('10215021', 'SHUFIA ZUHRA', 'X', 'SMA', 'LUNAS', ''),
('10215022', 'IMRAN KAMIL', 'X', 'SMA', 'LUNAS', ''),
('10215023', 'ARFI HAURA AQILA', 'X', 'SMA', 'LUNAS', ''),
('10215024', 'MUHAMMAD RASEUKI', 'X', 'SMA', 'LUNAS', ''),
('10215025', 'DESCA SYARAFINA', 'X', 'SMA', 'LUNAS', ''),
('10215026', 'PUTRA WAHYU PRATAMA', 'X', 'SMA', 'LUNAS', ''),
('10215027', 'ROYYAN AULIA NANDA', 'X', 'SMA', 'LUNAS', ''),
('10215028', 'FIKA FAZILA', 'X', 'SMA', 'LUNAS', ''),
('10215029', 'NURUL UDWANI NASIKA', 'X', 'SMA', 'BELUM LUNAS', 'SEPTEMBER 2021'),
('10215030', 'NAYLA HAFIZA', 'X', 'SMA', 'LUNAS', ''),
('10215031', 'ZULFAHMI', 'X', 'SMA', 'LUNAS', ''),
('10215032', 'FARREL KHATAMI', 'X', 'SMA', 'BELUM LUNAS', 'SEPTEMBER 2021'),
('10215033', 'M. RAFLI RIDWAN', 'X', 'SMA', 'LUNAS', ''),
('10215034', 'SYAFA MAULIDINA', 'X', 'SMA', 'LUNAS', ''),
('10215035', 'MUGHLI RASYA ALKATIRY', 'X', 'SMA', 'LUNAS', ''),
('10215036', 'FARIQ AUVA AL MUHTARAM', 'X', 'SMA', 'LUNAS', ''),
('10215037', 'NASYWA KHANSA', 'X', 'SMA', 'LUNAS', ''),
('10215038', 'ADEL SAUSAN ALBIRRA', 'X', 'SMA', 'LUNAS', ''),
('10215039', 'ALFUL KHAIRA', 'X', 'SMA', 'LUNAS', ''),
('10215040', 'LUTHFIA ZAMIRA', 'X', 'SMA', 'LUNAS', ''),
('10215041', 'SULTAN NAWWAL AL AZZAM', 'X', 'SMA', 'LUNAS', ''),
('10215042', 'IFDHAL FASYA', 'X', 'SMA', 'LUNAS', ''),
('10215043', 'M. ASYRAF', 'X', 'SMA', 'LUNAS', ''),
('30', 'M FIRHAN', 'II', 'SD', 'BELUM LUNAS', 'JULI 2021'),
('330', 'HABIB AULA', 'VI', 'SD', 'BELUM LUNAS', 'JULI 2021'),
('456', 'SADIATUN NUFUS JESRI', 'VIII', 'SMP', 'LUNAS', ''),
('55', 'MUHAMMAD AL FARASYI', 'IV', 'SD', 'BELUM LUNAS', 'JULI 2021');

-- --------------------------------------------------------

--
-- Struktur dari tabel `jenjang`
--

CREATE TABLE `jenjang` (
  `id_jenjang` int(11) NOT NULL,
  `nama_jenjang` varchar(255) NOT NULL
) ENGINE=InnoDB DEFAULT CHARSET=utf8mb4;

--
-- Dumping data untuk tabel `jenjang`
--

INSERT INTO `jenjang` (`id_jenjang`, `nama_jenjang`) VALUES
(1, 'SD'),
(2, 'SMP'),
(3, 'SMA');

-- --------------------------------------------------------

--
-- Struktur dari tabel `kelas`
--

CREATE TABLE `kelas` (
  `id_kelas` int(11) NOT NULL,
  `id_jenjang` int(11) NOT NULL,
  `kelas` varchar(255) NOT NULL
) ENGINE=InnoDB DEFAULT CHARSET=utf8mb4;

--
-- Dumping data untuk tabel `kelas`
--

INSERT INTO `kelas` (`id_kelas`, `id_jenjang`, `kelas`) VALUES
(1, 1, 'I'),
(2, 1, 'II'),
(3, 1, 'III'),
(4, 1, 'IV'),
(5, 1, 'V'),
(6, 1, 'VI'),
(7, 2, 'VII'),
(8, 2, 'VIII'),
(9, 2, 'IX'),
(10, 3, 'X'),
(11, 3, 'XI'),
(12, 3, 'XII');

-- --------------------------------------------------------

--
-- Struktur dari tabel `user`
--

CREATE TABLE `user` (
  `id_user` int(11) NOT NULL,
  `nama_user` varchar(255) NOT NULL,
  `username` varchar(255) NOT NULL,
  `password` varchar(255) NOT NULL,
  `role` int(1) NOT NULL
) ENGINE=InnoDB DEFAULT CHARSET=utf8mb4;

--
-- Dumping data untuk tabel `user`
--

INSERT INTO `user` (`id_user`, `nama_user`, `username`, `password`, `role`) VALUES
(1, 'ADMINISTRATOR TU', 'tatausaha', '0eab68759cc784399fa5c6ba986cdb3d', 0),
(2, 'INDRA SAPUTRA, S.E', '10081045', '272fccee2682565378fb775496b50155', 0),
(3, 'SITI DEA SATIFA, S.ST', '10161002', '467b481876db1758d9b38a75aabbccdb', 0);

--
-- Indexes for dumped tables
--

--
-- Indeks untuk tabel `data`
--
ALTER TABLE `data`
  ADD PRIMARY KEY (`nis`);

--
-- Indeks untuk tabel `jenjang`
--
ALTER TABLE `jenjang`
  ADD PRIMARY KEY (`id_jenjang`);

--
-- Indeks untuk tabel `kelas`
--
ALTER TABLE `kelas`
  ADD PRIMARY KEY (`id_kelas`);

--
-- Indeks untuk tabel `user`
--
ALTER TABLE `user`
  ADD PRIMARY KEY (`id_user`);

--
-- AUTO_INCREMENT untuk tabel yang dibuang
--

--
-- AUTO_INCREMENT untuk tabel `jenjang`
--
ALTER TABLE `jenjang`
  MODIFY `id_jenjang` int(11) NOT NULL AUTO_INCREMENT, AUTO_INCREMENT=4;

--
-- AUTO_INCREMENT untuk tabel `kelas`
--
ALTER TABLE `kelas`
  MODIFY `id_kelas` int(11) NOT NULL AUTO_INCREMENT, AUTO_INCREMENT=13;

--
-- AUTO_INCREMENT untuk tabel `user`
--
ALTER TABLE `user`
  MODIFY `id_user` int(11) NOT NULL AUTO_INCREMENT, AUTO_INCREMENT=4;
COMMIT;

/*!40101 SET CHARACTER_SET_CLIENT=@OLD_CHARACTER_SET_CLIENT */;
/*!40101 SET CHARACTER_SET_RESULTS=@OLD_CHARACTER_SET_RESULTS */;
/*!40101 SET COLLATION_CONNECTION=@OLD_COLLATION_CONNECTION */;
